{"train_loss":0.056973424994597954,"_runtime":16714,"total_flos":0,"train/learning_rate":8.604285785312982e-06,"eval/loss":0.0519021712243557,"train/global_step":140861,"train/epoch":7,"eval/steps_per_second":16.827,"train_samples_per_second":120.428,"train_steps_per_second":60.214,"train/grad_norm":0.14061735570430756,"_timestamp":1.7552498407213793e+09,"train/loss":0.0518,"train_runtime":16709.6364,"eval/samples_per_second":33.637,"eval/runtime":61.6884,"_step":14,"_wandb":{"runtime":16714}}