{"_timestamp":1.7555375919638448e+09,"train_loss":0.08854799938386734,"eval/steps_per_second":10.692,"eval/samples_per_second":10.692,"total_flos":0,"eval/loss":0.08496465533971786,"train/global_step":402460,"train/loss":0.0822,"train_samples_per_second":46.235,"eval/runtime":194.0666,"train/grad_norm":0.1327507048845291,"train_runtime":43522.9346,"_wandb":{"runtime":43527},"train_steps_per_second":46.235,"_runtime":43527,"_step":20,"train/epoch":10,"train/learning_rate":8.00199323988468e-06}