{"total_flos":0,"train_loss":0.05887982787964619,"_wandb":{"runtime":27699},"_runtime":27699,"train/epoch":10,"eval/steps_per_second":5.562,"train/global_step":100620,"train_samples_per_second":72.673,"eval/samples_per_second":22.235,"train_steps_per_second":18.169,"_timestamp":1.7542228275503364e+09,"eval/loss":0.05763822793960571,"train/loss":0.0578,"train_runtime":27689.8656,"train/grad_norm":0.006755099166184664,"eval/runtime":93.3199,"train/learning_rate":8.007978511738958e-06,"_step":20}