{"total_flos":0,"_wandb":{"runtime":9251},"eval/steps_per_second":4.997,"eval/loss":0.049744218587875366,"train/loss":0.0497,"_runtime":9251,"train/global_step":71379,"train_loss":0.05067425356429784,"_step":18,"train_samples_per_second":171.499,"train_runtime":9248.7294,"train/learning_rate":8.210377477591213e-06,"eval/runtime":82.2502,"eval/samples_per_second":19.976,"train_steps_per_second":42.876,"train/grad_norm":0.00313523318618536,"train/epoch":9,"_timestamp":1.7537730810738182e+09}