{"eval/runtime":135.6773,"_wandb":{"runtime":4348},"_step":1,"eval/samples_per_second":15.294,"train/global_step":13416,"eval/steps_per_second":5.1,"eval/loss":1.1313252449035645,"_runtime":4348,"train/learning_rate":9.80732507832314e-06,"train/loss":1.1477,"train/grad_norm":0.18007420003414154,"_timestamp":1.7550992526072426e+09,"train/epoch":1}