{"_step":18,"eval/samples_per_second":9.333,"eval/runtime":222.3354,"train_loss":0.08164149880362506,"total_flos":0,"_wandb":{"runtime":39073},"train/global_step":362214,"_timestamp":1.7555330184644299e+09,"train/loss":0.0752,"train/learning_rate":8.202042946614972e-06,"train/grad_norm":0.5728703737258911,"eval/loss":0.07601587474346161,"_runtime":39073,"train_steps_per_second":51.504,"eval/steps_per_second":9.333,"train/epoch":9,"train_samples_per_second":51.504,"train_runtime":39071.1241}