{"_step":4,"_timestamp":1.7552996368641648e+09,"_wandb":{"runtime":6746},"train_steps_per_second":298.511,"eval/samples_per_second":30.668,"eval/steps_per_second":30.668,"train_loss":1.925504727954331,"train_samples_per_second":298.511,"_runtime":6746,"train/loss":1.9194,"train/epoch":2,"train/learning_rate":9.602390893727011e-06,"train_runtime":6741.1309,"eval/loss":1.9728244543075562,"eval/runtime":67.661,"train/grad_norm":0.6752741932868958,"train/global_step":80492,"total_flos":0}