{"train_steps_per_second":65.987,"train/global_step":40246,"_wandb":{"runtime":15250},"train_runtime":15247.7076,"train/loss":0.6153,"train/epoch":2,"eval/loss":0.6285739541053772,"train_samples_per_second":131.974,"train/learning_rate":9.604782976184557e-06,"train/grad_norm":0.10519177466630936,"train_loss":0.6287072298333996,"total_flos":0,"eval/runtime":353.6016,"_runtime":15250,"_timestamp":1.755130770106906e+09,"_step":4,"eval/samples_per_second":5.868,"eval/steps_per_second":2.936}